<?xml version="1.0" encoding="UTF-8"?>
<!DOCTYPE mapper
  PUBLIC "-//mybatis.org//DTD Mapper 3.0//EN"
  "http://mybatis.org/dtd/mybatis-3-mapper.dtd">
  
  <mapper namespace="com.petworldAdmin.mapper.AdminMapper">
  	<!-- 메인페이지 -->
  	<select id="maintable1" resultType="UserVO">
  	
			select *
			 <![CDATA[
			from MEMBER
			where regdate >= '2021-11-14' AND regdate <='2021-11-15'
			]]>
  	</select>
  	<select id="maintable2" resultType="OrderVO">
  		select *
  		<![CDATA[
  		from 
  		USER_ORDER
		where ORDATE >= '2021-11-14' AND ORDATE <='2021-11-15'
  		]]> 
  	</select>
  	<select id="mainchart" resultType="OrderVO">
  		select ordate, sum(oamount) as oamount
  		from USER_ORDER
  		GROUP BY ordate
		ORDER BY ordate
  	</select>
  	
    	<!-- 회원 -->
  	<select id = "customerList" resultType="UserVO">
  	 <![CDATA[	
		   	select *
		   	from (
		   		(select * 
		   			 from MEMBER
		   			 where
		   ]]>
		   <if test="searchType == 'id'">id like '%'||#{searchName}||'%'</if>
		   	<if test="searchType == 'name'">name like '%'||#{searchName}||'%'</if>
		   	<if test="searchType == 'phone'">phone like '%'||#{searchName}||'%'</if>
		   	<if test="searchType == null or searchType == ''">1=1</if>	
	   	<![CDATA[
	   		order by id desc)a
	   		)
		 ]]>
	</select>
	
	
	<select id ="userDetail" resultType="UserVO">
		select * from MEMBER where id =#{id}
	</select>
	<update id="updateUser">
	update MEMBER SET
	name= #{name},
	phone= #{phone},
	addZipNum= #{addZipNum},
	addrBasic= #{addrBasic},
	addrDetail= #{addrDetail}
	where id = #{id}	
	</update>
  	<!-- 날짜검색 -->
  	<select id="searchList" resultType="OrderVO">
        SELECT * FROM USER_ORDER
      <![CDATA[WHERE ORDATE >= #{fromDate}, 'YYYY-MM-DD AND
           ORDATE <=#{toDate}, 'YYYY-MM-DD'
           ]]>
           ORDER BY ORDATE DESC
     </select>
		
  	
  	<!-- 주문 -->
  	<select id = "orderList" resultType="OrderVO">
		select * from USER_ORDER
	</select>
	
	<select id ="orderDetail" resultType="OrderVO">
		select * from USER_ORDER where oid = #{oid}
	</select>
	
	<update id="orderUpdate">
       update USER_ORDER SET 
       mid=#{mid}, 
       delivery_status = #{delivery_status},
       oname=#{oname}, 
       ophone=#{ophone}, 
       opost=#{opost}, 
       oamount=#{oamount}, 
       oproductnum=#{oproductnum},
       opayment=#{opayment},
       oinvoice = #{oinvoice},
       pname = #{pname}
       
       where oid=#{oid}
       
     </update>
  	<!-- 상품 -->
	   <select id="productList" resultType="ProductVO">
		   <![CDATA[
		   	select *
		   	from (select rownum as rn, a.*
		   		from(select * 
		   			 from PRODUCT
		   			 where
		   ]]>
		   <!-- <if test="searchType == 'pcnum'">pcnum like '%'||#{searchName}||'%'</if>  -->
		   	<if test="searchType == 'pid'">pid like '%'||#{searchName}||'%'</if>
		   	<if test="searchType == 'pname'">pname like '%'||#{searchName}||'%'</if>
		   	<if test="searchType == null or searchType == ''">1=1</if>	
	   	<![CDATA[
	   		order by pid desc)a
	   		)where rn >(#{pageNum}-1)*#{amount} and rn <=#{pageNum}*#{amount}
		 ]]>
			
	   </select>
	   <select id="getTotal" resultType="int">
	   	select count(*) as total
	   	from PRODUCT
	   	where
	   	<if test="searchType == 'pcnum'">pcnum like '%'||#{searchName}||'%'</if>
	   	<if test="searchType == 'pid'">pid like '%'||#{searchName}||'%'</if>
	   	<if test="searchType == 'pname'">pname like '%'||#{searchName}||'%'</if>
	   	<if test="searchType == null or searchType == ''">1=1</if>
	   </select>
	   
	   <insert id="pinsert">
	   	insert into PRODUCT(pid, pname, petage, pprice, pstock, pimageaddr, pdetail, uploadpath, fileloca, filename )
	   	values(#{pid}, #{pname}, #{petage}, #{pprice}, #{pstock}, #{pimageaddr}, #{pdetail}, #{uploadpath}, #{fileloca}, #{filename})
	   </insert>
	   
	   <select id="getpContent" resultType="ProductVO">
	   		select * from PRODUCT where pid = #{pid}
	   </select>
	   
	   <update id="updateProduct">
	   	update PRODUCT set 
	     	pname = #{pname},
	     	pprice = #{pprice},
	     	pstock = #{pstock},
	     	pimageaddr = #{pimageaddr},
	     	pdetail = #{pdetail}
     	where pid = #{pid}
	   </update>
	   
	   <delete id="deleteProduct">
	   	delete from PRODUCT where pid = #{pid}
	   </delete>
	   
	  <!-- 카테고리 -->
	  <select id="categoryList" resultType="CategoryVO">
	  	select * from CATEGORY
	  </select>
	  
	  <!-- 판매실적 -->
	  <select id="salesList" resultType="SalesVO">
	  	<![CDATA[
		   	select *
		   	from (select rownum as rn, a.*
		   		from(select * 
		   			 from SALES
		   			 where
		   ]]>
		  	<!-- <if test="searchType ==</if> -->
		   	<if test="searchType == 'salespid'">salespid like '%'||#{searchName}||'%'</if>
		   	<if test="searchType == 'salespname'">salespname like '%'||#{searchName}||'%'</if>
		   	<if test="searchType == null or searchType == ''">1=1</if>	
	   	<![CDATA[
	   		order by salesdate desc)a	
	   		)where rn >(#{pageNum}-1)*#{amount} and rn <=#{pageNum}*#{amount}
		 ]]>
	  </select>
	 
	   <select id="getsalesTotal" resultType="int">
	   	select count(*) as total
	   	from SALES
	   	where
	   	<if test="searchType == 'salesdate'">salesdate like '%'||#{searchName}||'%'</if>
	   	<if test="searchType == 'salespid'">salespid like '%'||#{searchName}||'%'</if>
	   	<if test="searchType == 'salespname'">salespid like '%'||#{searchName}||'%'</if>
	   	<if test="searchType == null or searchType == ''">1=1</if>
	   </select>
	  
	  <select id="getchart" resultType="SalesVO">
	  <![CDATA[
			SELECT 
				To_CHAR(salesdate, 'yyyy-mm-dd') as salesdate,
				sum(salescount) as salescount,
				sum(salesprice) as salesprice
			FROM SALES
			GROUP BY salesdate
			ORDER BY salesdate
		]]>	
	  </select>
  </mapper>